Wall time,Step,Value
1590925045.935992,0,0.5538859963417053
1590925793.0126,1,0.5520725250244141
1590926625.679743,2,0.5764248967170715
1590927504.672263,3,0.5670984387397766
1590928442.016525,4,0.5774611234664917
1590929393.059391,5,0.580051839351654
1590930336.452397,6,0.5668393969535828
1590931272.032455,7,0.5660621523857117
1590932239.743605,8,0.5756476521492004
1590933235.150497,9,0.5528497695922852
