Wall time,Step,Value
1590925045.848113,0,0.5253201723098755
1590925792.927068,1,0.5501655340194702
1590926625.588303,2,0.5629860758781433
1590927504.583007,3,0.5688765645027161
1590928441.942497,4,0.571905255317688
1590929392.9977,5,0.5746901035308838
1590930336.383904,6,0.582133412361145
1590931271.968088,7,0.5902954339981079
1590932239.678815,8,0.5980210900306702
1590933235.083864,9,0.6097507476806641
