Wall time,Step,Value
1590925045.935442,0,0.6840989589691162
1590925792.963242,1,0.6804726719856262
1590926625.630548,2,0.6772265434265137
1590927504.622751,3,0.6751879453659058
1590928441.967749,4,0.6767468452453613
1590929393.035073,5,0.6720313429832458
1590930336.427851,6,0.6744232177734375
1590931272.007988,7,0.6847277283668518
1590932239.718745,8,0.6784761548042297
1590933235.125266,9,0.6936666369438171
