Wall time,Step,Value
1590925044.121614,0,0.7098591327667236
1590925791.175849,1,0.6860548853874207
1590926623.861031,2,0.6819643974304199
1590927502.816714,3,0.6798620223999023
1590928440.161698,4,0.678259015083313
1590929391.215716,5,0.6760475039482117
1590930335.915783,6,0.6726920008659363
1590931270.2602,7,0.6686018705368042
1590932237.90632,8,0.6629737615585327
1590933233.315694,9,0.6561011075973511
